{
  "id": "",
  "name": "",
  "font_family": "iconfont",
  "css_prefix_text": "icon-",
  "description": "",
  "glyphs": [
    {
      "icon_id": "3858854",
      "name": "购物车",
      "font_class": "gouwuche",
      "unicode": "e60d",
      "unicode_decimal": 58893
    },
    {
      "icon_id": "7035504",
      "name": "我的",
      "font_class": "wode",
      "unicode": "e70e",
      "unicode_decimal": 59150
    },
    {
      "icon_id": "9982142",
      "name": "订单",
      "font_class": "dingdan",
      "unicode": "e62c",
      "unicode_decimal": 58924
    },
    {
      "icon_id": "10150337",
      "name": "首页",
      "font_class": "shouye",
      "unicode": "e605",
      "unicode_decimal": 58885
    },
    {
      "icon_id": "10572832",
      "name": "首页",
      "font_class": "shouye1",
      "unicode": "e6d0",
      "unicode_decimal": 59088
    }
  ]
}
